{"cameraMode":{"drawMode":0,"name":"Shaded","section":"Shading Mode"},"sceneLighting":false,"audioPlay":false,"sceneViewState":{"showFog":true,"showMaterialUpdate":false,"showSkybox":false,"showFlares":true,"showImageEffects":true,"showParticleSystems":true},"in2DMode":false,"pivot":{"x":3.843226194381714,"y":0.5117583274841309,"z":4.333387851715088},"rotation":{"x":-0.05347760394215584,"y":0.9172901511192322,"z":-0.13189566135406495,"w":-0.37191861867904665},"size":3.709118127822876,"orthographic":false}